driverId,forename,surname,combined_name
1,Lewis,Hamilton,Lewis Hamilton
2,Nick,Heidfeld,Nick Heidfeld
3,Nico,Rosberg,Nico Rosberg
4,Fernando,Alonso,Fernando Alonso
5,Heikki,Kovalainen,Heikki Kovalainen
6,Kazuki,Nakajima,Kazuki Nakajima
7,Sébastien,Bourdais,Sébastien Bourdais
8,Kimi,Räikkönen,Kimi Räikkönen
9,Robert,Kubica,Robert Kubica
10,Timo,Glock,Timo Glock
11,Takuma,Sato,Takuma Sato
12,Nelson,Piquet Jr.,Nelson Piquet Jr.
13,Felipe,Massa,Felipe Massa
14,David,Coulthard,David Coulthard
15,Jarno,Trulli,Jarno Trulli
16,Adrian,Sutil,Adrian Sutil
17,Mark,Webber,Mark Webber
18,Jenson,Button,Jenson Button
19,Anthony,Davidson,Anthony Davidson
20,Sebastian,Vettel,Sebastian Vettel
21,Giancarlo,Fisichella,Giancarlo Fisichella
22,Rubens,Barrichello,Rubens Barrichello
23,Ralf,Schumacher,Ralf Schumacher
24,Vitantonio,Liuzzi,Vitantonio Liuzzi
25,Alexander,Wurz,Alexander Wurz
26,Scott,Speed,Scott Speed
27,Christijan,Albers,Christijan Albers
28,Markus,Winkelhock,Markus Winkelhock
29,Sakon,Yamamoto,Sakon Yamamoto
30,Michael,Schumacher,Michael Schumacher
31,Juan,Pablo Montoya,Juan Pablo Montoya
32,Christian,Klien,Christian Klien
33,Tiago,Monteiro,Tiago Monteiro
34,Yuji,Ide,Yuji Ide
35,Jacques,Villeneuve,Jacques Villeneuve
36,Franck,Montagny,Franck Montagny
37,Pedro,de la Rosa,Pedro de la Rosa
38,Robert,Doornbos,Robert Doornbos
39,Narain,Karthikeyan,Narain Karthikeyan
40,Patrick,Friesacher,Patrick Friesacher
41,Ricardo,Zonta,Ricardo Zonta
42,Antônio,Pizzonia,Antônio Pizzonia
43,Cristiano,da Matta,Cristiano da Matta
44,Olivier,Panis,Olivier Panis
45,Giorgio,Pantano,Giorgio Pantano
46,Gianmaria,Bruni,Gianmaria Bruni
47,Zsolt,Baumgartner,Zsolt Baumgartner
48,Marc,Gené,Marc Gené
49,Heinz-Harald,Frentzen,Heinz-Harald Frentzen
50,Jos,Verstappen,Jos Verstappen
51,Justin,Wilson,Justin Wilson
52,Ralph,Firman,Ralph Firman
53,Nicolas,Kiesa,Nicolas Kiesa
54,Luciano,Burti,Luciano Burti
55,Jean,Alesi,Jean Alesi
56,Eddie,Irvine,Eddie Irvine
57,Mika,Häkkinen,Mika Häkkinen
58,Tarso,Marques,Tarso Marques
59,Enrique,Bernoldi,Enrique Bernoldi
60,Gastón,Mazzacane,Gastón Mazzacane
61,Tomáš,Enge,Tomáš Enge
62,Alex,Yoong,Alex Yoong
63,Mika,Salo,Mika Salo
64,Pedro,Diniz,Pedro Diniz
65,Johnny,Herbert,Johnny Herbert
66,Allan,McNish,Allan McNish
67,Sébastien,Buemi,Sébastien Buemi
68,Toranosuke,Takagi,Toranosuke Takagi
69,Luca,Badoer,Luca Badoer
70,Alessandro,Zanardi,Alessandro Zanardi
71,Damon,Hill,Damon Hill
72,Stéphane,Sarrazin,Stéphane Sarrazin
73,Ricardo,Rosset,Ricardo Rosset
74,Esteban,Tuero,Esteban Tuero
75,Shinji,Nakano,Shinji Nakano
76,Jan,Magnussen,Jan Magnussen
77,Gerhard,Berger,Gerhard Berger
78,Nicola,Larini,Nicola Larini
79,Ukyo,Katayama,Ukyo Katayama
80,Vincenzo,Sospiri,Vincenzo Sospiri
81,Gianni,Morbidelli,Gianni Morbidelli
82,Norberto,Fontana,Norberto Fontana
83,Pedro,Lamy,Pedro Lamy
84,Martin,Brundle,Martin Brundle
85,Andrea,Montermini,Andrea Montermini
86,Giovanni,Lavaggi,Giovanni Lavaggi
87,Mark,Blundell,Mark Blundell
88,Aguri,Suzuki,Aguri Suzuki
89,Taki,Inoue,Taki Inoue
90,Roberto,Moreno,Roberto Moreno
91,Karl,Wendlinger,Karl Wendlinger
92,Bertrand,Gachot,Bertrand Gachot
93,Domenico,Schiattarella,Domenico Schiattarella
94,Pierluigi,Martini,Pierluigi Martini
95,Nigel,Mansell,Nigel Mansell
96,Jean-Christophe,Boullion,Jean-Christophe Boullion
97,Massimiliano,Papis,Massimiliano Papis
98,Jean-Denis,Délétraz,Jean-Denis Délétraz
99,Gabriele,Tarquini,Gabriele Tarquini
100,Érik,Comas,Érik Comas
101,David,Brabham,David Brabham
102,Ayrton,Senna,Ayrton Senna
103,Éric,Bernard,Éric Bernard
104,Christian,Fittipaldi,Christian Fittipaldi
105,Michele,Alboreto,Michele Alboreto
106,Olivier,Beretta,Olivier Beretta
107,Roland,Ratzenberger,Roland Ratzenberger
108,Paul,Belmondo,Paul Belmondo
109,Jyrki,Järvilehto,Jyrki Järvilehto
110,Andrea,de Cesaris,Andrea de Cesaris
111,Jean-Marc,Gounon,Jean-Marc Gounon
112,Philippe,Alliot,Philippe Alliot
113,Philippe,Adams,Philippe Adams
114,Yannick,Dalmas,Yannick Dalmas
115,Hideki,Noda,Hideki Noda
116,Franck,Lagorce,Franck Lagorce
117,Alain,Prost,Alain Prost
118,Derek,Warwick,Derek Warwick
119,Riccardo,Patrese,Riccardo Patrese
120,Fabrizio,Barbazza,Fabrizio Barbazza
121,Michael,Andretti,Michael Andretti
122,Ivan,Capelli,Ivan Capelli
123,Thierry,Boutsen,Thierry Boutsen
124,Marco,Apicella,Marco Apicella
125,Emanuele,Naspetti,Emanuele Naspetti
126,Toshio,Suzuki,Toshio Suzuki
127,Maurício,Gugelmin,Maurício Gugelmin
128,Eric,van de Poele,Eric van de Poele
129,Olivier,Grouillard,Olivier Grouillard
130,Andrea,Chiesa,Andrea Chiesa
131,Stefano,Modena,Stefano Modena
132,Giovanna,Amati,Giovanna Amati
133,Alex,Caffi,Alex Caffi
134,Enrico,Bertaggia,Enrico Bertaggia
135,Perry,McCarthy,Perry McCarthy
136,Jan,Lammers,Jan Lammers
137,Nelson,Piquet,Nelson Piquet
138,Satoru,Nakajima,Satoru Nakajima
139,Emanuele,Pirro,Emanuele Pirro
140,Stefan,Johansson,Stefan Johansson
141,Julian,Bailey,Julian Bailey
142,Pedro,Chaves,Pedro Chaves
143,Michael,Bartels,Michael Bartels
144,Naoki,Hattori,Naoki Hattori
145,Alessandro,Nannini,Alessandro Nannini
146,Bernd,Schneider,Bernd Schneider
147,Paolo,Barilla,Paolo Barilla
148,Gregor,Foitek,Gregor Foitek
149,Claudio,Langes,Claudio Langes
150,Gary,Brabham,Gary Brabham
151,Martin,Donnelly,Martin Donnelly
152,Bruno,Giacomelli,Bruno Giacomelli
153,Jaime,Alguersuari,Jaime Alguersuari
154,Romain,Grosjean,Romain Grosjean
155,Kamui,Kobayashi,Kamui Kobayashi
156,Jonathan,Palmer,Jonathan Palmer
157,Christian,Danner,Christian Danner
158,Eddie,Cheever,Eddie Cheever
159,Luis,Pérez-Sala,Luis Pérez-Sala
160,Piercarlo,Ghinzani,Piercarlo Ghinzani
161,Volker,Weidler,Volker Weidler
162,Pierre-Henri,Raphanel,Pierre-Henri Raphanel
163,René,Arnoux,René Arnoux
164,Joachim,Winkelhock,Joachim Winkelhock
165,Oscar,Larrauri,Oscar Larrauri
166,Philippe,Streiff,Philippe Streiff
167,Adrián,Campos,Adrián Campos
168,Jean-Louis,Schlesser,Jean-Louis Schlesser
169,Pascal,Fabre,Pascal Fabre
170,Teo,Fabi,Teo Fabi
171,Franco,Forini,Franco Forini
172,Jacques,Laffite,Jacques Laffite
173,Elio,de Angelis,Elio de Angelis
174,Johnny,Dumfries,Johnny Dumfries
175,Patrick,Tambay,Patrick Tambay
176,Marc,Surer,Marc Surer
177,Keke,Rosberg,Keke Rosberg
178,Alan,Jones,Alan Jones
179,Huub,Rothengatter,Huub Rothengatter
180,Allen,Berg,Allen Berg
181,Manfred,Winkelhock,Manfred Winkelhock
182,Niki,Lauda,Niki Lauda
183,François,Hesnault,François Hesnault
184,Mauro,Baldi,Mauro Baldi
185,Stefan,Bellof,Stefan Bellof
186,Kenny,Acheson,Kenny Acheson
187,John,Watson,John Watson
188,Johnny,Cecotto,Johnny Cecotto
189,Jo,Gartner,Jo Gartner
190,Corrado,Fabi,Corrado Fabi
191,Mike,Thackwell,Mike Thackwell
192,Chico,Serra,Chico Serra
193,Danny,Sullivan,Danny Sullivan
194,Eliseo,Salazar,Eliseo Salazar
195,Roberto,Guerrero,Roberto Guerrero
196,Raul,Boesel,Raul Boesel
197,Jean-Pierre,Jarier,Jean-Pierre Jarier
198,Jacques,Villeneuve Sr.,Jacques Villeneuve Sr.
199,Carlos,Reutemann,Carlos Reutemann
200,Jochen,Mass,Jochen Mass
201,Slim,Borgudd,Slim Borgudd
202,Didier,Pironi,Didier Pironi
203,Gilles,Villeneuve,Gilles Villeneuve
204,Riccardo,Paletti,Riccardo Paletti
205,Brian,Henton,Brian Henton
206,Derek,Daly,Derek Daly
207,Mario,Andretti,Mario Andretti
208,Emilio,de Villota,Emilio de Villota
209,Geoff,Lees,Geoff Lees
210,Tommy,Byrne,Tommy Byrne
211,Rupert,Keegan,Rupert Keegan
212,Hector,Rebaque,Hector Rebaque
213,Beppe,Gabbiani,Beppe Gabbiani
214,Kevin,Cogan,Kevin Cogan
215,Miguel Ángel,Guerra,Miguel Ángel Guerra
216,Siegfried,Stohr,Siegfried Stohr
217,Ricardo,Zunino,Ricardo Zunino
218,Ricardo,Londoño,Ricardo Londoño
219,Jean-Pierre,Jabouille,Jean-Pierre Jabouille
220,Giorgio,Francia,Giorgio Francia
221,Patrick,Depailler,Patrick Depailler
222,Jody,Scheckter,Jody Scheckter
223,Clay,Regazzoni,Clay Regazzoni
224,Emerson,Fittipaldi,Emerson Fittipaldi
225,Dave,Kennedy,Dave Kennedy
226,Stephen,South,Stephen South
227,Tiff,Needell,Tiff Needell
228,Desiré,Wilson,Desiré Wilson
229,Harald,Ertl,Harald Ertl
230,Vittorio,Brambilla,Vittorio Brambilla
231,James,Hunt,James Hunt
232,Arturo,Merzario,Arturo Merzario
233,Hans-Joachim,Stuck,Hans-Joachim Stuck
234,Gianfranco,Brancatelli,Gianfranco Brancatelli
235,Jacky,Ickx,Jacky Ickx
236,Patrick,Gaillard,Patrick Gaillard
237,Alex,Ribeiro,Alex Ribeiro
238,Ronnie,Peterson,Ronnie Peterson
239,Brett,Lunger,Brett Lunger
240,Danny,Ongais,Danny Ongais
241,Lamberto,Leoni,Lamberto Leoni
242,Divina,Galica,Divina Galica
243,Rolf,Stommelen,Rolf Stommelen
244,Alberto,Colombo,Alberto Colombo
245,Tony,Trimmer,Tony Trimmer
246,Hans,Binder,Hans Binder
247,Michael,Bleekemolen,Michael Bleekemolen
248,Carlo,Franchi,Carlo Franchi
249,Bobby,Rahal,Bobby Rahal
250,Carlos,Pace,Carlos Pace
251,Ian,Scheckter,Ian Scheckter
252,Tom,Pryce,Tom Pryce
253,Ingo,Hoffmann,Ingo Hoffmann
254,Renzo,Zorzi,Renzo Zorzi
255,Gunnar,Nilsson,Gunnar Nilsson
256,Larry,Perkins,Larry Perkins
257,Boy,Lunger,Boy Lunger
258,Patrick,Nève,Patrick Nève
259,David,Purley,David Purley
260,Conny,Andersson,Conny Andersson
261,Bernard,de Dryver,Bernard de Dryver
262,Jackie,Oliver,Jackie Oliver
263,Mikko,Kozarowitzky,Mikko Kozarowitzky
264,Andy,Sutcliffe,Andy Sutcliffe
265,Guy,Edwards,Guy Edwards
266,Brian,McGuire,Brian McGuire
267,Vern,Schuppan,Vern Schuppan
268,Hans,Heyer,Hans Heyer
269,Teddy,Pilette,Teddy Pilette
270,Ian,Ashley,Ian Ashley
271,Loris,Kessel,Loris Kessel
272,Kunimitsu,Takahashi,Kunimitsu Takahashi
273,Kazuyoshi,Hoshino,Kazuyoshi Hoshino
274,Noritake,Takahara,Noritake Takahara
275,Lella,Lombardi,Lella Lombardi
276,Bob,Evans,Bob Evans
277,Michel,Leclère,Michel Leclère
278,Chris,Amon,Chris Amon
279,Emilio,Zapico,Emilio Zapico
280,Henri,Pescarolo,Henri Pescarolo
281,Jac,Nelleman,Jac Nelleman
282,Damien,Magee,Damien Magee
283,Mike,Wilds,Mike Wilds
284,Alessandro,Pesenti-Rossi,Alessandro Pesenti-Rossi
285,Otto,Stuppacher,Otto Stuppacher
286,Warwick,Brown,Warwick Brown
287,Masahiro,Hasemi,Masahiro Hasemi
288,Mark,Donohue,Mark Donohue
289,Graham,Hill,Graham Hill
290,Wilson,Fittipaldi,Wilson Fittipaldi
291,Guy,Tunmer,Guy Tunmer
292,Eddie,Keizan,Eddie Keizan
293,Dave,Charlton,Dave Charlton
294,Tony,Brise,Tony Brise
295,Roelof,Wunderink,Roelof Wunderink
296,François,Migault,François Migault
297,Torsten,Palm,Torsten Palm
298,Gijs,van Lennep,Gijs van Lennep
299,Hiroshi,Fushida,Hiroshi Fushida
300,John,Nicholson,John Nicholson
301,Dave,Morgan,Dave Morgan
302,Jim,Crawford,Jim Crawford
303,Jo,Vonlanthen,Jo Vonlanthen
304,Denny,Hulme,Denny Hulme
305,Mike,Hailwood,Mike Hailwood
306,Jean-Pierre,Beltoise,Jean-Pierre Beltoise
307,Howden,Ganley,Howden Ganley
308,Richard,Robarts,Richard Robarts
309,Peter,Revson,Peter Revson
310,Paddy,Driver,Paddy Driver
311,Tom,Belsø,Tom Belsø
312,Brian,Redman,Brian Redman
313,Rikky,von Opel,Rikky von Opel
314,Tim,Schenken,Tim Schenken
315,Gérard,Larrousse,Gérard Larrousse
316,Leo,Kinnunen,Leo Kinnunen
317,Reine,Wisell,Reine Wisell
318,Bertil,Roos,Bertil Roos
319,José,Dolhem,José Dolhem
320,Peter,Gethin,Peter Gethin
321,Derek,Bell,Derek Bell
322,David,Hobbs,David Hobbs
323,Dieter,Quester,Dieter Quester
324,Helmuth,Koinigg,Helmuth Koinigg
325,Carlo,Facetti,Carlo Facetti
326,Eppie,Wietzes,Eppie Wietzes
327,François,Cevert,François Cevert
328,Jackie,Stewart,Jackie Stewart
329,Mike,Beuttler,Mike Beuttler
330,Nanni,Galli,Nanni Galli
331,Luiz,Bueno,Luiz Bueno
332,George,Follmer,George Follmer
333,Andrea,de Adamich,Andrea de Adamich
334,Jackie,Pretorius,Jackie Pretorius
335,Roger,Williamson,Roger Williamson
336,Graham,McRae,Graham McRae
337,Helmut,Marko,Helmut Marko
338,David,Walker,David Walker
339,Alex,Soler-Roig,Alex Soler-Roig
340,John,Love,John Love
341,John,Surtees,John Surtees
342,Skip,Barber,Skip Barber
343,Bill,Brack,Bill Brack
344,Sam,Posey,Sam Posey
345,Pedro,Rodríguez,Pedro Rodríguez
346,Jo,Siffert,Jo Siffert
347,Jo,Bonnier,Jo Bonnier
348,François,Mazet,François Mazet
349,Max,Jean,Max Jean
350,Vic,Elford,Vic Elford
351,Silvio,Moser,Silvio Moser
352,George,Eaton,George Eaton
353,Pete,Lovely,Pete Lovely
354,Chris,Craft,Chris Craft
355,John,Cannon,John Cannon
356,Jack,Brabham,Jack Brabham
357,John,Miles,John Miles
358,Jochen,Rindt,Jochen Rindt
359,Johnny,Servoz-Gavin,Johnny Servoz-Gavin
360,Bruce,McLaren,Bruce McLaren
361,Piers,Courage,Piers Courage
362,Peter,de Klerk,Peter de Klerk
363,Ignazio,Giunti,Ignazio Giunti
364,Dan,Gurney,Dan Gurney
365,Hubert,Hahne,Hubert Hahne
366,Gus,Hutchison,Gus Hutchison
367,Peter,Westbury,Peter Westbury
368,Sam,Tingle,Sam Tingle
369,Basil,van Rooyen,Basil van Rooyen
370,Richard,Attwood,Richard Attwood
371,Al,Pease,Al Pease
372,John,Cordts,John Cordts
373,Jim,Clark,Jim Clark
374,Mike,Spence,Mike Spence
375,Ludovico,Scarfiotti,Ludovico Scarfiotti
376,Lucien,Bianchi,Lucien Bianchi
377,Jo,Schlesser,Jo Schlesser
378,Robin,Widdows,Robin Widdows
379,Kurt,Ahrens,Kurt Ahrens
380,Frank,Gardner,Frank Gardner
381,Bobby,Unser,Bobby Unser
382,Moisés,Solana,Moisés Solana
383,Bob,Anderson,Bob Anderson
384,Luki,Botha,Luki Botha
385,Lorenzo,Bandini,Lorenzo Bandini
386,Richie,Ginther,Richie Ginther
387,Mike,Parkes,Mike Parkes
388,Chris,Irwin,Chris Irwin
389,Guy,Ligier,Guy Ligier
390,Alan,Rees,Alan Rees
391,Brian,Hart,Brian Hart
392,Mike,Fisher,Mike Fisher
393,Tom,Jones,Tom Jones
394,Giancarlo,Baghetti,Giancarlo Baghetti
395,Jonathan,Williams,Jonathan Williams
396,Bob,Bondurant,Bob Bondurant
397,Peter,Arundell,Peter Arundell
398,Vic,Wilson,Vic Wilson
399,John,Taylor,John Taylor
400,Chris,Lawrence,Chris Lawrence
401,Trevor,Taylor,Trevor Taylor
402,Giacomo,Russo,Giacomo Russo
403,Phil,Hill,Phil Hill
404,Innes,Ireland,Innes Ireland
405,Ronnie,Bucknum,Ronnie Bucknum
406,Paul,Hawkins,Paul Hawkins
407,David,Prophet,David Prophet
408,Tony,Maggs,Tony Maggs
409,Trevor,Blokdyk,Trevor Blokdyk
410,Neville,Lederle,Neville Lederle
411,Doug,Serrurier,Doug Serrurier
412,Brausch,Niemann,Brausch Niemann
413,Ernie,Pieterse,Ernie Pieterse
414,Clive,Puzey,Clive Puzey
415,Ray,Reed,Ray Reed
416,David,Clapham,David Clapham
417,Alex,Blignaut,Alex Blignaut
418,Masten,Gregory,Masten Gregory
419,John,Rhodes,John Rhodes
420,Ian,Raby,Ian Raby
421,Alan,Rollinson,Alan Rollinson
422,Brian,Gubby,Brian Gubby
423,Gerhard,Mitter,Gerhard Mitter
424,Roberto,Bussinello,Roberto Bussinello
425,Nino,Vaccarella,Nino Vaccarella
426,Giorgio,Bassi,Giorgio Bassi
427,Maurice,Trintignant,Maurice Trintignant
428,Bernard,Collomb,Bernard Collomb
429,André,Pilette,André Pilette
430,Carel Godin,de Beaufort,Carel Godin de Beaufort
431,Edgar,Barth,Edgar Barth
432,Mário de Araújo,Cabral,Mário de Araújo Cabral
433,Walt,Hansgen,Walt Hansgen
434,Hap,Sharp,Hap Sharp
435,Willy,Mairesse,Willy Mairesse
436,John,Campbell-Jones,John Campbell-Jones
437,Ian,Burgess,Ian Burgess
438,Tony,Settember,Tony Settember
439,Nasif,Estéfano,Nasif Estéfano
440,Jim,Hall,Jim Hall
441,Tim,Parnell,Tim Parnell
442,Kurt,Kuhnke,Kurt Kuhnke
443,Ernesto,Brambilla,Ernesto Brambilla
444,Roberto,Lippi,Roberto Lippi
445,Günther,Seiffert,Günther Seiffert
446,Carlo,Abate,Carlo Abate
447,Gaetano,Starrabba,Gaetano Starrabba
448,Peter,Broeker,Peter Broeker
449,Rodger,Ward,Rodger Ward
450,Ernie,de Vos,Ernie de Vos
451,Frank,Dochnal,Frank Dochnal
452,Thomas,Monarch,Thomas Monarch
842,Pierre,Gasly,Pierre Gasly
453,Jackie,Lewis,Jackie Lewis
454,Ricardo,Rodríguez,Ricardo Rodríguez
455,Wolfgang,Seidel,Wolfgang Seidel
456,Roy,Salvadori,Roy Salvadori
457,Ben,Pon,Ben Pon
458,Rob,Slotemaker,Rob Slotemaker
459,Tony,Marsh,Tony Marsh
460,Gerry,Ashmore,Gerry Ashmore
461,Heinz,Schiller,Heinz Schiller
462,Colin,Davis,Colin Davis
463,Jay,Chamberlain,Jay Chamberlain
464,Tony,Shelly,Tony Shelly
465,Keith,Greene,Keith Greene
466,Heini,Walter,Heini Walter
467,Ernesto,Prinoth,Ernesto Prinoth
468,Roger,Penske,Roger Penske
469,Rob,Schroeder,Rob Schroeder
470,Timmy,Mayer,Timmy Mayer
471,Bruce,Johnstone,Bruce Johnstone
472,Mike,Harris,Mike Harris
473,Gary,Hocking,Gary Hocking
474,Syd,van der Vyver,Syd van der Vyver
475,Stirling,Moss,Stirling Moss
476,Wolfgang,von Trips,Wolfgang von Trips
477,Cliff,Allison,Cliff Allison
478,Hans,Herrmann,Hans Herrmann
479,Tony,Brooks,Tony Brooks
480,Michael,May,Michael May
481,Henry,Taylor,Henry Taylor
482,Olivier,Gendebien,Olivier Gendebien
483,Giorgio,Scarlatti,Giorgio Scarlatti
484,Brian,Naylor,Brian Naylor
485,Juan Manuel,Bordeu,Juan Manuel Bordeu
486,Jack,Fairman,Jack Fairman
487,Massimo,Natili,Massimo Natili
488,Peter,Monteverdi,Peter Monteverdi
489,Renato,Pirocchi,Renato Pirocchi
490,Geoff,Duke,Geoff Duke
491,Alfonso,Thiele,Alfonso Thiele
492,Menato,Boffa,Menato Boffa
493,Peter,Ryan,Peter Ryan
494,Lloyd,Ruby,Lloyd Ruby
495,Ken,Miles,Ken Miles
496,Carlos,Menditeguy,Carlos Menditeguy
497,Alberto Rodriguez,Larreta,Alberto Rodriguez Larreta
498,José Froilán,González,José Froilán González
499,Roberto,Bonomi,Roberto Bonomi
500,Gino,Munaron,Gino Munaron
501,Harry,Schell,Harry Schell
502,Alan,Stacey,Alan Stacey
503,Ettore,Chimeri,Ettore Chimeri
504,Antonio,Creus,Antonio Creus
505,Chris,Bristow,Chris Bristow
506,Bruce,Halford,Bruce Halford
507,Chuck,Daigh,Chuck Daigh
508,Lance,Reventlow,Lance Reventlow
509,Jim,Rathmann,Jim Rathmann
510,Paul,Goldsmith,Paul Goldsmith
511,Don,Branson,Don Branson
512,Johnny,Thomson,Johnny Thomson
513,Eddie,Johnson,Eddie Johnson
514,Bob,Veith,Bob Veith
515,Bud,Tingelstad,Bud Tingelstad
516,Bob,Christie,Bob Christie
517,Red,Amick,Red Amick
518,Duane,Carter,Duane Carter
519,Bill,Homeier,Bill Homeier
520,Gene,Hartley,Gene Hartley
521,Chuck,Stevenson,Chuck Stevenson
522,Bobby,Grim,Bobby Grim
523,Shorty,Templeman,Shorty Templeman
524,Jim,Hurtubise,Jim Hurtubise
525,Jimmy,Bryan,Jimmy Bryan
526,Troy,Ruttman,Troy Ruttman
527,Eddie,Sachs,Eddie Sachs
528,Don,Freeland,Don Freeland
529,Tony,Bettenhausen,Tony Bettenhausen
530,Wayne,Weiler,Wayne Weiler
531,Anthony,Foyt,Anthony Foyt
532,Eddie,Russo,Eddie Russo
533,Johnny,Boyd,Johnny Boyd
534,Gene,Force,Gene Force
535,Jim,McWithey,Jim McWithey
536,Len,Sutton,Len Sutton
537,Dick,Rathmann,Dick Rathmann
538,Al,Herman,Al Herman
539,Dempsey,Wilson,Dempsey Wilson
540,Mike,Taylor,Mike Taylor
541,Ron,Flockhart,Ron Flockhart
542,David,Piper,David Piper
543,Giulio,Cabianca,Giulio Cabianca
544,Piero,Drogo,Piero Drogo
545,Fred,Gamble,Fred Gamble
546,Arthur,Owen,Arthur Owen
547,Horace,Gould,Horace Gould
548,Bob,Drake,Bob Drake
549,Ivor,Bueb,Ivor Bueb
550,Alain,de Changy,Alain de Changy
551,Maria,de Filippis,Maria de Filippis
552,Jean,Lucienbonnet,Jean Lucienbonnet
553,André,Testut,André Testut
554,Jean,Behra,Jean Behra
555,Paul,Russo,Paul Russo
556,Jimmy,Daywalt,Jimmy Daywalt
557,Chuck,Arnold,Chuck Arnold
558,Al,Keller,Al Keller
559,Pat,Flaherty,Pat Flaherty
560,Bill,Cheesbourg,Bill Cheesbourg
561,Ray,Crawford,Ray Crawford
562,Jack,Turner,Jack Turner
563,Chuck,Weyant,Chuck Weyant
564,Jud,Larson,Jud Larson
565,Mike,Magill,Mike Magill
566,Carroll,Shelby,Carroll Shelby
567,Fritz,d'Orey,Fritz d'Orey
568,Azdrubal,Fontes,Azdrubal Fontes
569,Peter,Ashdown,Peter Ashdown
570,Bill,Moss,Bill Moss
571,Dennis,Taylor,Dennis Taylor
572,Harry,Blanchard,Harry Blanchard
573,Alessandro,de Tomaso,Alessandro de Tomaso
574,George,Constantine,George Constantine
575,Bob,Said,Bob Said
576,Phil,Cade,Phil Cade
577,Luigi,Musso,Luigi Musso
578,Mike,Hawthorn,Mike Hawthorn
579,Juan,Fangio,Juan Fangio
580,Paco,Godia,Paco Godia
581,Peter,Collins,Peter Collins
582,Ken,Kavanagh,Ken Kavanagh
583,Gerino,Gerini,Gerino Gerini
584,Bruce,Kessler,Bruce Kessler
585,Paul,Emery,Paul Emery
586,Luigi,Piotti,Luigi Piotti
587,Bernie,Ecclestone,Bernie Ecclestone
588,Luigi,Taramazzo,Luigi Taramazzo
589,Louis,Chiron,Louis Chiron
590,Stuart,Lewis-Evans,Stuart Lewis-Evans
591,George,Amick,George Amick
592,Jimmy,Reece,Jimmy Reece
593,Johnnie,Parsons,Johnnie Parsons
594,Johnnie,Tolan,Johnnie Tolan
595,Billy,Garrett,Billy Garrett
596,Ed,Elisian,Ed Elisian
597,Pat,O'Connor,Pat O'Connor
598,Jerry,Unser,Jerry Unser
599,Art,Bisch,Art Bisch
600,Christian,Goethals,Christian Goethals
601,Dick,Gibson,Dick Gibson
602,Robert,La Caze,Robert La Caze
603,André,Guelfi,André Guelfi
604,François,Picard,François Picard
605,Tom,Bridger,Tom Bridger
606,Alfonso,de Portago,Alfonso de Portago
607,Cesare,Perdisa,Cesare Perdisa
608,Eugenio,Castellotti,Eugenio Castellotti
609,André,Simon,André Simon
610,Les,Leston,Les Leston
611,Sam,Hanks,Sam Hanks
612,Andy,Linden,Andy Linden
613,Marshall,Teague,Marshall Teague
614,Don,Edmunds,Don Edmunds
615,Fred,Agabashian,Fred Agabashian
616,Elmer,George,Elmer George
617,Mike,MacDowel,Mike MacDowel
618,Herbert,MacKay-Fraser,Herbert MacKay-Fraser
619,Bob,Gerard,Bob Gerard
620,Umberto,Maglioli,Umberto Maglioli
621,Paul,England,Paul England
622,Chico,Landi,Chico Landi
623,Alberto,Uria,Alberto Uria
624,Hernando,da Silva Ramos,Hernando da Silva Ramos
625,Élie,Bayol,Élie Bayol
626,Robert,Manzon,Robert Manzon
627,Louis,Rosier,Louis Rosier
628,Bob,Sweikert,Bob Sweikert
629,Cliff,Griffith,Cliff Griffith
630,Duke,Dinsmore,Duke Dinsmore
631,Keith,Andrews,Keith Andrews
632,Paul,Frère,Paul Frère
633,Luigi,Villoresi,Luigi Villoresi
634,Piero,Scotti,Piero Scotti
635,Colin,Chapman,Colin Chapman
636,Desmond,Titterington,Desmond Titterington
637,Archie,Scott Brown,Archie Scott Brown
638,Ottorino,Volonterio,Ottorino Volonterio
639,André,Milhoux,André Milhoux
640,Toulo,de Graffenried,Toulo de Graffenried
641,Piero,Taruffi,Piero Taruffi
642,Nino,Farina,Nino Farina
643,Roberto,Mieres,Roberto Mieres
644,Sergio,Mantovani,Sergio Mantovani
645,Clemar,Bucci,Clemar Bucci
646,Jesús,Iglesias,Jesús Iglesias
647,Alberto,Ascari,Alberto Ascari
648,Karl,Kling,Karl Kling
649,Pablo,Birger,Pablo Birger
650,Jacques,Pollet,Jacques Pollet
651,Lance,Macklin,Lance Macklin
652,Ted,Whiteaway,Ted Whiteaway
653,Jimmy,Davies,Jimmy Davies
654,Walt,Faulkner,Walt Faulkner
655,Cal,Niday,Cal Niday
656,Art,Cross,Art Cross
657,Bill,Vukovich,Bill Vukovich
658,Jack,McGrath,Jack McGrath
659,Jerry,Hoyt,Jerry Hoyt
660,Johnny,Claes,Johnny Claes
661,Peter,Walker,Peter Walker
662,Mike,Sparken,Mike Sparken
663,Ken,Wharton,Ken Wharton
664,Kenneth,McAlpine,Kenneth McAlpine
665,Leslie,Marr,Leslie Marr
666,Tony,Rolt,Tony Rolt
667,John,Fitch,John Fitch
668,Jean,Lucas,Jean Lucas
669,Prince,Bira,Prince Bira
670,Onofre,Marimón,Onofre Marimón
671,Roger,Loyer,Roger Loyer
672,Jorge,Daponte,Jorge Daponte
673,Mike,Nazaruk,Mike Nazaruk
674,Larry,Crockett,Larry Crockett
675,Manny,Ayulo,Manny Ayulo
676,Frank,Armi,Frank Armi
677,Travis,Webb,Travis Webb
678,Len,Duncan,Len Duncan
679,Ernie,McCoy,Ernie McCoy
680,Jacques,Swaters,Jacques Swaters
681,Georges,Berger,Georges Berger
682,Don,Beauman,Don Beauman
683,Leslie,Thorne,Leslie Thorne
684,Bill,Whitehouse,Bill Whitehouse
685,John,Riseley-Prichard,John Riseley-Prichard
686,Reg,Parnell,Reg Parnell
687,Peter,Whitehead,Peter Whitehead
688,Eric,Brandon,Eric Brandon
689,Alan,Brown,Alan Brown
690,Rodney,Nuckey,Rodney Nuckey
691,Hermann,Lang,Hermann Lang
692,Theo,Helfrich,Theo Helfrich
693,Fred,Wacker,Fred Wacker
694,Giovanni,de Riu,Giovanni de Riu
695,Oscar,Gálvez,Oscar Gálvez
696,John,Barber,John Barber
697,Felice,Bonetto,Felice Bonetto
698,Adolfo,Cruz,Adolfo Cruz
699,Duke,Nalon,Duke Nalon
700,Carl,Scarborough,Carl Scarborough
701,Bill,Holland,Bill Holland
702,Bob,Scott,Bob Scott
703,Arthur,Legat,Arthur Legat
704,Yves,Cabantous,Yves Cabantous
705,Tony,Crook,Tony Crook
706,Jimmy,Stewart,Jimmy Stewart
707,Ian,Stewart,Ian Stewart
708,Duncan,Hamilton,Duncan Hamilton
709,Ernst,Klodwig,Ernst Klodwig
710,Rudolf,Krause,Rudolf Krause
711,Oswald,Karch,Oswald Karch
712,Willi,Heeks,Willi Heeks
713,Theo,Fitzau,Theo Fitzau
714,Kurt,Adolff,Kurt Adolff
715,Günther,Bechem,Günther Bechem
716,Erwin,Bauer,Erwin Bauer
717,Hans,von Stuck,Hans von Stuck
718,Ernst,Loof,Ernst Loof
719,Albert,Scherrer,Albert Scherrer
720,Max,de Terra,Max de Terra
721,Peter,Hirt,Peter Hirt
722,Piero,Carini,Piero Carini
723,Rudi,Fischer,Rudi Fischer
724,Toni,Ulmen,Toni Ulmen
725,George,Abecassis,George Abecassis
726,George,Connor,George Connor
727,Jim,Rigsby,Jim Rigsby
728,Joe,James,Joe James
729,Bill,Schindler,Bill Schindler
730,George,Fonder,George Fonder
731,Henry,Banks,Henry Banks
732,Johnny,McDowell,Johnny McDowell
733,Chet,Miller,Chet Miller
734,Bobby,Ball,Bobby Ball
735,Charles,de Tornaco,Charles de Tornaco
736,Roger,Laurent,Roger Laurent
737,Robert,O'Brien,Robert O'Brien
738,Tony,Gaze,Tony Gaze
739,Robin,Montgomerie-Charrington,Robin Montgomerie-Charrington
740,Franco,Comotti,Franco Comotti
741,Philippe,Étancelin,Philippe Étancelin
742,Dennis,Poore,Dennis Poore
743,Eric,Thompson,Eric Thompson
744,Ken,Downing,Ken Downing
745,Graham,Whitehead,Graham Whitehead
746,Gino,Bianco,Gino Bianco
747,David,Murray,David Murray
748,Eitel,Cantoni,Eitel Cantoni
749,Bill,Aston,Bill Aston
750,Adolf,Brudes,Adolf Brudes
751,Fritz,Riess,Fritz Riess
752,Helmut,Niedermayr,Helmut Niedermayr
753,Hans,Klenk,Hans Klenk
754,Marcel,Balsa,Marcel Balsa
755,Rudolf,Schoeller,Rudolf Schoeller
756,Paul,Pietsch,Paul Pietsch
757,Josef,Peters,Josef Peters
758,Dries,van der Lof,Dries van der Lof
759,Jan,Flinterman,Jan Flinterman
760,Piero,Dusio,Piero Dusio
761,Alberto,Crespo,Alberto Crespo
762,Franco,Rol,Franco Rol
763,Consalvo,Sanesi,Consalvo Sanesi
764,Guy,Mairesse,Guy Mairesse
765,Henri,Louveau,Henri Louveau
766,Lee,Wallard,Lee Wallard
767,Carl,Forberg,Carl Forberg
768,Mauri,Rose,Mauri Rose
769,Bill,Mackey,Bill Mackey
770,Cecil,Green,Cecil Green
771,Walt,Brown,Walt Brown
772,Mack,Hellings,Mack Hellings
773,Pierre,Levegh,Pierre Levegh
774,Eugène,Chaboud,Eugène Chaboud
775,Aldo,Gordini,Aldo Gordini
776,Joe,Kelly,Joe Kelly
777,Philip,Fotheringham-Parker,Philip Fotheringham-Parker
778,Brian,Shawe Taylor,Brian Shawe Taylor
779,John,James,John James
780,Toni,Branca,Toni Branca
781,Ken,Richardson,Ken Richardson
782,Juan,Jover,Juan Jover
783,Georges,Grignard,Georges Grignard
784,David,Hampshire,David Hampshire
785,Geoff,Crossley,Geoff Crossley
786,Luigi,Fagioli,Luigi Fagioli
787,Cuth,Harrison,Cuth Harrison
788,Joe,Fry,Joe Fry
789,Eugène,Martin,Eugène Martin
790,Leslie,Johnson,Leslie Johnson
791,Clemente,Biondetti,Clemente Biondetti
792,Alfredo,Pián,Alfredo Pián
793,Raymond,Sommer,Raymond Sommer
794,Joie,Chitwood,Joie Chitwood
795,Myron,Fohr,Myron Fohr
796,Walt,Ader,Walt Ader
797,Jackie,Holmes,Jackie Holmes
798,Bayliss,Levrett,Bayliss Levrett
799,Jimmy,Jackson,Jimmy Jackson
800,Nello,Pagani,Nello Pagani
801,Charles,Pozzi,Charles Pozzi
802,Dorino,Serafini,Dorino Serafini
803,Bill,Cantrell,Bill Cantrell
804,Johnny,Mantz,Johnny Mantz
805,Danny,Kladis,Danny Kladis
806,Óscar,González,Óscar González
807,Nico,Hülkenberg,Nico Hülkenberg
808,Vitaly,Petrov,Vitaly Petrov
810,Lucas,di Grassi,Lucas di Grassi
811,Bruno,Senna,Bruno Senna
812,Karun,Chandhok,Karun Chandhok
813,Pastor,Maldonado,Pastor Maldonado
814,Paul,di Resta,Paul di Resta
815,Sergio,Pérez,Sergio Pérez
816,Jérôme,d'Ambrosio,Jérôme d'Ambrosio
817,Daniel,Ricciardo,Daniel Ricciardo
818,Jean-Éric,Vergne,Jean-Éric Vergne
819,Charles,Pic,Charles Pic
820,Max,Chilton,Max Chilton
821,Esteban,Gutiérrez,Esteban Gutiérrez
822,Valtteri,Bottas,Valtteri Bottas
823,Giedo,van der Garde,Giedo van der Garde
824,Jules,Bianchi,Jules Bianchi
825,Kevin,Magnussen,Kevin Magnussen
826,Daniil,Kvyat,Daniil Kvyat
827,André,Lotterer,André Lotterer
828,Marcus,Ericsson,Marcus Ericsson
829,Will,Stevens,Will Stevens
830,Max,Verstappen,Max Verstappen
831,Felipe,Nasr,Felipe Nasr
832,Carlos,Sainz,Carlos Sainz
833,Roberto,Merhi,Roberto Merhi
834,Alexander,Rossi,Alexander Rossi
835,Jolyon,Palmer,Jolyon Palmer
836,Pascal,Wehrlein,Pascal Wehrlein
837,Rio,Haryanto,Rio Haryanto
838,Stoffel,Vandoorne,Stoffel Vandoorne
839,Esteban,Ocon,Esteban Ocon
840,Lance,Stroll,Lance Stroll
841,Antonio,Giovinazzi,Antonio Giovinazzi
843,Brendon,Hartley,Brendon Hartley
844,Charles,Leclerc,Charles Leclerc
845,Sergey,Sirotkin,Sergey Sirotkin
846,Lando,Norris,Lando Norris
847,George,Russell,George Russell
848,Alexander,Albon,Alexander Albon
849,Nicholas,Latifi,Nicholas Latifi
850,Pietro,Fittipaldi,Pietro Fittipaldi
851,Jack,Aitken,Jack Aitken
852,Yuki,Tsunoda,Yuki Tsunoda
853,Nikita,Mazepin,Nikita Mazepin
854,Mick,Schumacher,Mick Schumacher
855,Guanyu,Zhou,Guanyu Zhou
856,Nyck,de Vries,Nyck de Vries
